--this file is generated from csv files in data folder

INSERT INTO languages(language_id, name, iso2, iso3) VALUES
    (0, 'Suomi', 'FI', 'FIN'),
    (1, 'English', 'EN', 'ENG');

INSERT INTO country(country_id, iso2, iso3) VALUES
    (0, 'AF', 'AFG'),
    (1, 'AL', 'ALB'),
    (2, 'DZ', 'DZA'),
    (3, 'AS', 'ASM'),
    (4, 'AD', 'AND'),
    (5, 'AO', 'AGO'),
    (6, 'AI', 'AIA'),
    (7, 'AQ', 'ATA'),
    (8, 'AG', 'ATG'),
    (9, 'AR', 'ARG'),
    (10, 'AM', 'ARM'),
    (11, 'AW', 'ABW'),
    (12, 'AU', 'AUS'),
    (13, 'AT', 'AUT'),
    (14, 'AZ', 'AZE'),
    (15, 'BS', 'BHS'),
    (16, 'BH', 'BHR'),
    (17, 'BD', 'BGD'),
    (18, 'BB', 'BRB'),
    (19, 'BY', 'BLR'),
    (20, 'BE', 'BEL'),
    (21, 'BZ', 'BLZ'),
    (22, 'BJ', 'BEN'),
    (23, 'BM', 'BMU'),
    (24, 'BT', 'BTN'),
    (25, 'BO', 'BOL'),
    (26, 'BA', 'BIH'),
    (27, 'BW', 'BWA'),
    (28, 'BV', 'BVT'),
    (29, 'BR', 'BRA'),
    (30, 'IO', 'IOT'),
    (31, 'BN', 'BRN'),
    (32, 'BG', 'BGR'),
    (33, 'BF', 'BFA'),
    (34, 'BI', 'BDI'),
    (35, 'KH', 'KHM'),
    (36, 'CM', 'CMR'),
    (37, 'CA', 'CAN'),
    (38, 'CV', 'CPV'),
    (39, 'KY', 'CYM'),
    (40, 'CF', 'CAF'),
    (41, 'TD', 'TCD'),
    (42, 'CL', 'CHL'),
    (43, 'CN', 'CHN'),
    (44, 'CX', 'CXR'),
    (45, 'CC', 'CCK'),
    (46, 'CO', 'COL'),
    (47, 'KM', 'COM'),
    (48, 'CG', 'COG'),
    (49, 'CD', 'COD'),
    (50, 'CK', 'COK'),
    (51, 'CR', 'CRI'),
    (52, 'CI', 'CIV'),
    (53, 'HR', 'HRV'),
    (54, 'CU', 'CUB'),
    (55, 'CY', 'CYP'),
    (56, 'CZ', 'CZE'),
    (57, 'DK', 'DNK'),
    (58, 'DJ', 'DJI'),
    (59, 'DM', 'DMA'),
    (60, 'DO', 'DOM'),
    (61, 'EC', 'ECU'),
    (62, 'EG', 'EGY'),
    (63, 'SV', 'SLV'),
    (64, 'GQ', 'GNQ'),
    (65, 'ER', 'ERI'),
    (66, 'EE', 'EST'),
    (67, 'ET', 'ETH'),
    (68, 'FK', 'FLK'),
    (69, 'FO', 'FRO'),
    (70, 'FJ', 'FJI'),
    (71, 'FI', 'FIN'),
    (72, 'FR', 'FRA'),
    (73, 'PF', 'PYF'),
    (74, 'TF', 'ATF'),
    (75, 'GA', 'GAB'),
    (76, 'GM', 'GMB'),
    (77, 'GE', 'GEO'),
    (78, 'DE', 'DEU'),
    (79, 'GH', 'GHA'),
    (80, 'GI', 'GIB'),
    (81, 'GR', 'GRC'),
    (82, 'GL', 'GRL'),
    (83, 'GD', 'GRD'),
    (84, 'GP', 'GLP'),
    (85, 'GU', 'GUM'),
    (86, 'GT', 'GTM'),
    (87, 'GG', 'GGY'),
    (88, 'GN', 'GIN'),
    (89, 'GW', 'GNB'),
    (90, 'GY', 'GUY'),
    (91, 'HT', 'HTI'),
    (92, 'HM', 'HMD'),
    (93, 'VA', 'VAT'),
    (94, 'HN', 'HND'),
    (95, 'HK', 'HKG'),
    (96, 'HU', 'HUN'),
    (97, 'IS', 'ISL'),
    (98, 'IN', 'IND'),
    (99, 'ID', 'IDN'),
    (100, 'IR', 'IRN'),
    (101, 'IQ', 'IRQ'),
    (102, 'IE', 'IRL'),
    (103, 'IM', 'IMN'),
    (104, 'IL', 'ISR'),
    (105, 'IT', 'ITA'),
    (106, 'JM', 'JAM'),
    (107, 'JP', 'JPN'),
    (108, 'JE', 'JEY'),
    (109, 'JO', 'JOR'),
    (110, 'KZ', 'KAZ'),
    (111, 'KE', 'KEN'),
    (112, 'XK', 'XKX'),
    (113, 'KI', 'KIR'),
    (114, 'KP', 'PRK'),
    (115, 'KR', 'KOR'),
    (116, 'KW', 'KWT'),
    (117, 'KG', 'KGZ'),
    (118, 'LA', 'LAO'),
    (119, 'LV', 'LVA'),
    (120, 'LB', 'LBN'),
    (121, 'LS', 'LSO'),
    (122, 'LR', 'LBR'),
    (123, 'LY', 'LBY'),
    (124, 'LI', 'LIE'),
    (125, 'LT', 'LTU'),
    (126, 'LU', 'LUX'),
    (127, 'MO', 'MAC'),
    (128, 'MK', 'MKD'),
    (129, 'MG', 'MDG'),
    (130, 'MW', 'MWI'),
    (131, 'MY', 'MYS'),
    (132, 'MV', 'MDV'),
    (133, 'ML', 'MLI'),
    (134, 'MT', 'MLT'),
    (135, 'MH', 'MHL'),
    (136, 'MQ', 'MTQ'),
    (137, 'MR', 'MRT'),
    (138, 'MU', 'MUS'),
    (139, 'YT', 'MYT'),
    (140, 'MX', 'MEX'),
    (141, 'FM', 'FSM'),
    (142, 'MD', 'MDA'),
    (143, 'MC', 'MCO'),
    (144, 'MN', 'MNG'),
    (145, 'ME', 'MNE'),
    (146, 'MS', 'MSR'),
    (147, 'MA', 'MAR'),
    (148, 'MZ', 'MOZ'),
    (149, 'MM', 'MMR'),
    (150, 'NA', 'NAM'),
    (151, 'NR', 'NRU'),
    (152, 'NP', 'NPL'),
    (153, 'NL', 'NLD'),
    (154, 'NC', 'NCL'),
    (155, 'NZ', 'NZL'),
    (156, 'NI', 'NIC'),
    (157, 'NE', 'NER'),
    (158, 'NG', 'NGA'),
    (159, 'NU', 'NIU'),
    (160, 'NF', 'NFK'),
    (161, 'MP', 'MNP'),
    (162, 'NO', 'NOR'),
    (163, 'OM', 'OMN'),
    (164, 'PK', 'PAK'),
    (165, 'PW', 'PLW'),
    (166, 'PS', 'PSE'),
    (167, 'PA', 'PAN'),
    (168, 'PG', 'PNG'),
    (169, 'PY', 'PRY'),
    (170, 'PE', 'PER'),
    (171, 'PH', 'PHL'),
    (172, 'PN', 'PCN'),
    (173, 'PL', 'POL'),
    (174, 'PT', 'PRT'),
    (175, 'PR', 'PRI'),
    (176, 'QA', 'QAT'),
    (177, 'RE', 'REU'),
    (178, 'RO', 'ROU'),
    (179, 'RU', 'RUS'),
    (180, 'RW', 'RWA'),
    (181, 'SH', 'SHN'),
    (182, 'KN', 'KNA'),
    (183, 'LC', 'LCA'),
    (184, 'PM', 'SPM'),
    (185, 'VC', 'VCT'),
    (186, 'WS', 'WSM'),
    (187, 'SM', 'SMR'),
    (188, 'ST', 'STP'),
    (189, 'SA', 'SAU'),
    (190, 'SN', 'SEN'),
    (191, 'RS', 'SRB'),
    (192, 'SC', 'SYC'),
    (193, 'SL', 'SLE'),
    (194, 'SG', 'SGP'),
    (195, 'SK', 'SVK'),
    (196, 'SI', 'SVN'),
    (197, 'SB', 'SLB'),
    (198, 'SO', 'SOM'),
    (199, 'ZA', 'ZAF'),
    (200, 'GS', 'SGS'),
    (201, 'ES', 'ESP'),
    (202, 'LK', 'LKA'),
    (203, 'SD', 'SDN'),
    (204, 'SS', 'SSD'),
    (205, 'SR', 'SUR'),
    (206, 'SJ', 'SJM'),
    (207, 'SZ', 'SWZ'),
    (208, 'SE', 'SWE'),
    (209, 'CH', 'CHE'),
    (210, 'SY', 'SYR'),
    (211, 'TW', 'TWN'),
    (212, 'TJ', 'TJK'),
    (213, 'TZ', 'TZA'),
    (214, 'TH', 'THA'),
    (215, 'TL', 'TLS'),
    (216, 'TG', 'TGO'),
    (217, 'TK', 'TKL'),
    (218, 'TO', 'TON'),
    (219, 'TT', 'TTO'),
    (220, 'TN', 'TUN'),
    (221, 'TR', 'TUR'),
    (222, 'TM', 'TKM'),
    (223, 'TC', 'TCA'),
    (224, 'TV', 'TUV'),
    (225, 'UG', 'UGA'),
    (226, 'UA', 'UKR'),
    (227, 'AE', 'ARE'),
    (228, 'GB', 'GBR'),
    (229, 'US', 'USA'),
    (230, 'UM', 'UMI'),
    (231, 'UY', 'URY'),
    (232, 'UZ', 'UZB'),
    (233, 'VU', 'VUT'),
    (234, 'VE', 'VEN'),
    (235, 'VN', 'VNM'),
    (236, 'VG', 'VGB'),
    (237, 'VI', 'VIR'),
    (238, 'WF', 'WLF'),
    (239, 'EH', 'ESH'),
    (240, 'YE', 'YEM'),
    (241, 'ZM', 'ZMB'),
    (242, 'ZW', 'ZWE');

INSERT INTO country_name(country_id, language_id, name) VALUES
    (0, 0, 'Afganistan'),
    (0, 1, 'Afghanistan'),
    (1, 0, 'Albania'),
    (1, 1, 'Albania'),
    (2, 0, 'Algeria'),
    (2, 1, 'Algeria'),
    (3, 0, 'Amerikan Samoa'),
    (3, 1, 'American Samoa'),
    (4, 0, 'Andorra'),
    (4, 1, 'Andorra'),
    (5, 0, 'Angola'),
    (5, 1, 'Angola'),
    (6, 0, 'Anguilla'),
    (6, 1, 'Anguilla'),
    (7, 0, 'Etelämanner'),
    (7, 1, 'Antarctica'),
    (8, 0, 'Antigua ja Barbuda'),
    (8, 1, 'Antigua and Barbuda'),
    (9, 0, 'Argentiina'),
    (9, 1, 'Argentina'),
    (10, 0, 'Armenia'),
    (10, 1, 'Armenia'),
    (11, 0, 'Aruba'),
    (11, 1, 'Aruba'),
    (12, 0, 'Australia'),
    (12, 1, 'Australia'),
    (13, 0, 'Itävalta'),
    (13, 1, 'Austria'),
    (14, 0, 'Azerbaidžan'),
    (14, 1, 'Azerbaijan'),
    (15, 0, 'Bahama'),
    (15, 1, 'Bahamas'),
    (16, 0, 'Bahrain'),
    (16, 1, 'Bahrain'),
    (17, 0, 'Bangladesh'),
    (17, 1, 'Bangladesh'),
    (18, 0, 'Barbados'),
    (18, 1, 'Barbados'),
    (19, 0, 'Valko-Venäjä'),
    (19, 1, 'Belarus'),
    (20, 0, 'Belgia'),
    (20, 1, 'Belgium'),
    (21, 0, 'Belize'),
    (21, 1, 'Belize'),
    (22, 0, 'Benin'),
    (22, 1, 'Benin'),
    (23, 0, 'Bermuda'),
    (23, 1, 'Bermuda'),
    (24, 0, 'Bhutan'),
    (24, 1, 'Bhutan'),
    (25, 0, 'Bolivia'),
    (25, 1, 'Bolivia'),
    (26, 0, 'Bosnia ja Hertsegovina'),
    (26, 1, 'Bosnia and Herzegovina'),
    (27, 0, 'Botswana'),
    (27, 1, 'Botswana'),
    (28, 0, 'Bouvet’nsaari'),
    (28, 1, 'Bouvet Island'),
    (29, 0, 'Brasilia'),
    (29, 1, 'Brazil'),
    (30, 0, 'Brittiläinen Intian Valtameren alue'),
    (30, 1, 'British Indian Ocean Territory'),
    (31, 0, 'Brunei'),
    (31, 1, 'Brunei Darussalam'),
    (32, 0, 'Bulgaria'),
    (32, 1, 'Bulgaria'),
    (33, 0, 'Burkina Faso'),
    (33, 1, 'Burkina Faso'),
    (34, 0, 'Burundi'),
    (34, 1, 'Burundi'),
    (35, 0, 'Kambodža'),
    (35, 1, 'Cambodia'),
    (36, 0, 'Kamerun'),
    (36, 1, 'Cameroon'),
    (37, 0, 'Kanada'),
    (37, 1, 'Canada'),
    (38, 0, 'Kap Verde'),
    (38, 1, 'Cape Verde'),
    (39, 0, 'Caymansaaret'),
    (39, 1, 'Cayman Islands'),
    (40, 0, 'Keski-Afrikan tasavalta'),
    (40, 1, 'Central African Republic'),
    (41, 0, 'Tšad'),
    (41, 1, 'Chad'),
    (42, 0, 'Chile'),
    (42, 1, 'Chile'),
    (43, 0, 'Kiina'),
    (43, 1, 'China'),
    (44, 0, 'Joulusaari'),
    (44, 1, 'Christmas Island'),
    (45, 0, 'Kookossaaret'),
    (45, 1, 'Cocos Islands'),
    (46, 0, 'Kolumbia'),
    (46, 1, 'Colombia'),
    (47, 0, 'Komorit'),
    (47, 1, 'Comoros'),
    (48, 0, 'Kongon tasavalta'),
    (48, 1, 'Republic of the Congo'),
    (49, 0, 'Kongon demokraattinen tasavalta'),
    (49, 1, 'Democratic Republic of the Congo'),
    (50, 0, 'Cookin saaret'),
    (50, 1, 'Cook Islands'),
    (51, 0, 'Costa Rica'),
    (51, 1, 'Costa Rica'),
    (52, 0, 'Norsunluurannikko'),
    (52, 1, 'Ivory Coast'),
    (53, 0, 'Kroatia'),
    (53, 1, 'Croatia'),
    (54, 0, 'Kuuba'),
    (54, 1, 'Cuba'),
    (55, 0, 'Kypros'),
    (55, 1, 'Cyprus'),
    (56, 0, 'Tšekki'),
    (56, 1, 'Czech Republic'),
    (57, 0, 'Tanska'),
    (57, 1, 'Denmark'),
    (58, 0, 'Djibouti'),
    (58, 1, 'Djibouti'),
    (59, 0, 'Dominica'),
    (59, 1, 'Dominica'),
    (60, 0, 'Dominikaaninen tasavalta'),
    (60, 1, 'Dominican Republic'),
    (61, 0, 'Ecuador'),
    (61, 1, 'Ecuador'),
    (62, 0, 'Egypti'),
    (62, 1, 'Egypt'),
    (63, 0, 'El Salvador'),
    (63, 1, 'El Salvador'),
    (64, 0, 'Päiväntasaajan Guinea'),
    (64, 1, 'Equatorial Guinea'),
    (65, 0, 'Eritrea'),
    (65, 1, 'Eritrea'),
    (66, 0, 'Viro'),
    (66, 1, 'Estonia'),
    (67, 0, 'Etiopia'),
    (67, 1, 'Ethiopia'),
    (68, 0, 'Falklandinsaaret'),
    (68, 1, 'Falkland Islands (Malvinas)'),
    (69, 0, 'Färsaaret'),
    (69, 1, 'Faroe Islands'),
    (70, 0, 'Fidži'),
    (70, 1, 'Fiji'),
    (71, 0, 'Suomi'),
    (71, 1, 'Finland'),
    (72, 0, 'Ranska'),
    (72, 1, 'France'),
    (73, 0, 'Ranskan Polynesia'),
    (73, 1, 'French Polynesia'),
    (74, 0, 'Ranskan Eteläiset alueet'),
    (74, 1, 'French Southern Territories'),
    (75, 0, 'Gabon'),
    (75, 1, 'Gabon'),
    (76, 0, 'Gambia'),
    (76, 1, 'Gambia'),
    (77, 0, 'Georgia'),
    (77, 1, 'Georgia'),
    (78, 0, 'Saksa'),
    (78, 1, 'Germany'),
    (79, 0, 'Ghana'),
    (79, 1, 'Ghana'),
    (80, 0, 'Gibraltar'),
    (80, 1, 'Gibraltar'),
    (81, 0, 'Kreikka'),
    (81, 1, 'Greece'),
    (82, 0, 'Grönlanti'),
    (82, 1, 'Greenland'),
    (83, 0, 'Grenada'),
    (83, 1, 'Grenada'),
    (84, 0, 'Guadeloupe'),
    (84, 1, 'Guadeloupe'),
    (85, 0, 'Guam'),
    (85, 1, 'Guam'),
    (86, 0, 'Guatemala'),
    (86, 1, 'Guatemala'),
    (87, 0, 'Guernsey'),
    (87, 1, 'Guernsey'),
    (88, 0, 'Guinea'),
    (88, 1, 'Guinea'),
    (89, 0, 'Guinea-Bissau'),
    (89, 1, 'Guinea-Bissau'),
    (90, 0, 'Guyana'),
    (90, 1, 'Guyana'),
    (91, 0, 'Haiti'),
    (91, 1, 'Haiti'),
    (92, 0, 'Heard ja McDonaldinsaaret'),
    (92, 1, 'Heard Island and McDonald Islands'),
    (93, 0, 'Vatikaanivaltio'),
    (93, 1, 'Vatican City State'),
    (94, 0, 'Honduras'),
    (94, 1, 'Honduras'),
    (95, 0, 'Hongkong'),
    (95, 1, 'Hong Kong'),
    (96, 0, 'Unkari'),
    (96, 1, 'Hungary'),
    (97, 0, 'Islanti'),
    (97, 1, 'Iceland'),
    (98, 0, 'Intia'),
    (98, 1, 'India'),
    (99, 0, 'Indonesia'),
    (99, 1, 'Indonesia'),
    (100, 0, 'Iran'),
    (100, 1, 'Iran'),
    (101, 0, 'Irak'),
    (101, 1, 'Iraq'),
    (102, 0, 'Irlanti'),
    (102, 1, 'Ireland'),
    (103, 0, 'mansaari'),
    (103, 1, 'Isle of Man'),
    (104, 0, 'Israel'),
    (104, 1, 'Israel'),
    (105, 0, 'Italia'),
    (105, 1, 'Italy'),
    (106, 0, 'Jamaika'),
    (106, 1, 'Jamaica'),
    (107, 0, 'Japani'),
    (107, 1, 'Japan'),
    (108, 0, 'jersey'),
    (108, 1, 'Jersey'),
    (109, 0, 'Jordania'),
    (109, 1, 'Jordan'),
    (110, 0, 'Kazakstan'),
    (110, 1, 'Kazakhstan'),
    (111, 0, 'Kenia'),
    (111, 1, 'Kenya'),
    (112, 0, 'Kosovo'),
    (112, 1, 'Kosovo'),
    (113, 0, 'Kiribati'),
    (113, 1, 'Kiribati'),
    (114, 0, 'Pohjois-Korea'),
    (114, 1, 'North Korea'),
    (115, 0, 'Etelä-Korea'),
    (115, 1, 'South Korea'),
    (116, 0, 'Kuwait'),
    (116, 1, 'Kuwait'),
    (117, 0, 'Kirgisia'),
    (117, 1, 'Kyrgyzstan'),
    (118, 0, 'Laos'),
    (118, 1, 'Laos'),
    (119, 0, 'Latvia'),
    (119, 1, 'Latvia'),
    (120, 0, 'Libanon'),
    (120, 1, 'Lebanon'),
    (121, 0, 'Lesotho'),
    (121, 1, 'Lesotho'),
    (122, 0, 'Liberia'),
    (122, 1, 'Liberia'),
    (123, 0, 'Libya'),
    (123, 1, 'Libya'),
    (124, 0, 'Liechtenstein'),
    (124, 1, 'Liechtenstein'),
    (125, 0, 'Liettua'),
    (125, 1, 'Lithuania'),
    (126, 0, 'Luxemburg'),
    (126, 1, 'Luxembourg'),
    (127, 0, 'Macao'),
    (127, 1, 'Macao'),
    (128, 0, 'Makedonia'),
    (128, 1, 'Macedonia'),
    (129, 0, 'Madagaskar'),
    (129, 1, 'Madagascar'),
    (130, 0, 'Malawi'),
    (130, 1, 'Malawi'),
    (131, 0, 'Malesia'),
    (131, 1, 'Malaysia'),
    (132, 0, 'Malediivit'),
    (132, 1, 'Maldives'),
    (133, 0, 'Mali'),
    (133, 1, 'Mali'),
    (134, 0, 'Malta'),
    (134, 1, 'Malta'),
    (135, 0, 'Marshallinsaaret'),
    (135, 1, 'Marshall Islands'),
    (136, 0, 'Martinique'),
    (136, 1, 'Martinique'),
    (137, 0, 'Mauritania'),
    (137, 1, 'Mauritania'),
    (138, 0, 'Mauritius'),
    (138, 1, 'Mauritius'),
    (139, 0, 'Mayotte'),
    (139, 1, 'Mayotte'),
    (140, 0, 'Meksiko'),
    (140, 1, 'Mexico'),
    (141, 0, 'Mikronesia'),
    (141, 1, 'Micronesia'),
    (142, 0, 'Moldova'),
    (142, 1, 'Moldova'),
    (143, 0, 'Monaco'),
    (143, 1, 'Monaco'),
    (144, 0, 'Mongolia'),
    (144, 1, 'Mongolia'),
    (145, 0, 'Montenegro'),
    (145, 1, 'Montenegro'),
    (146, 0, 'Montserrat'),
    (146, 1, 'Montserrat'),
    (147, 0, 'Marokko'),
    (147, 1, 'Morocco'),
    (148, 0, 'Mosambik'),
    (148, 1, 'Mozambique'),
    (149, 0, 'Myanmar'),
    (149, 1, 'Myanmar'),
    (150, 0, 'Namibia'),
    (150, 1, 'Namibia'),
    (151, 0, 'Nauru'),
    (151, 1, 'Nauru'),
    (152, 0, 'Nepal'),
    (152, 1, 'Nepal'),
    (153, 0, 'Alankomaat'),
    (153, 1, 'Netherlands'),
    (154, 0, 'Uusi-Kaledonia'),
    (154, 1, 'New Caledonia'),
    (155, 0, 'Uusi-Seelanti'),
    (155, 1, 'New Zealand'),
    (156, 0, 'Nicaragua'),
    (156, 1, 'Nicaragua'),
    (157, 0, 'Niger'),
    (157, 1, 'Niger'),
    (158, 0, 'Nigeria'),
    (158, 1, 'Nigeria'),
    (159, 0, 'Niue'),
    (159, 1, 'Niue'),
    (160, 0, 'Norfolkinsaari'),
    (160, 1, 'Norfolk Island'),
    (161, 0, 'Pohjois-Mariaanit'),
    (161, 1, 'Northern Mariana Islands'),
    (162, 0, 'Norja'),
    (162, 1, 'Norway'),
    (163, 0, 'Oman'),
    (163, 1, 'Oman'),
    (164, 0, 'Pakistan'),
    (164, 1, 'Pakistan'),
    (165, 0, 'Palau'),
    (165, 1, 'Palau'),
    (166, 0, 'Palestiina'),
    (166, 1, 'Palestine'),
    (167, 0, 'Panama'),
    (167, 1, 'Panama'),
    (168, 0, 'Papua-Uusi-Guinea'),
    (168, 1, 'Papua New Guinea'),
    (169, 0, 'Paraguay'),
    (169, 1, 'Paraguay'),
    (170, 0, 'Peru'),
    (170, 1, 'Peru'),
    (171, 0, 'Filippiinit'),
    (171, 1, 'Philippines'),
    (172, 0, 'Pitcairn'),
    (172, 1, 'Pitcairn'),
    (173, 0, 'Puola'),
    (173, 1, 'Poland'),
    (174, 0, 'Portugali'),
    (174, 1, 'Portugal'),
    (175, 0, 'Puerto Rico'),
    (175, 1, 'Puerto Rico'),
    (176, 0, 'Qatar'),
    (176, 1, 'Qatar'),
    (177, 0, 'Réunion'),
    (177, 1, 'Réunion'),
    (178, 0, 'Romania'),
    (178, 1, 'Romania'),
    (179, 0, 'Venäjä'),
    (179, 1, 'Russia'),
    (180, 0, 'Ruanda'),
    (180, 1, 'Rwanda'),
    (181, 0, 'Saint Helena, Ascension ja Tristan da Cunha'),
    (181, 1, 'Saint Helena, Ascension and Tristan da Cunha'),
    (182, 0, 'Saint Kitts ja Nevis'),
    (182, 1, 'Saint Kitts and Nevis'),
    (183, 0, 'Saint Lucia'),
    (183, 1, 'Saint Lucia'),
    (184, 0, 'Saint-Pierre ja Miquelon'),
    (184, 1, 'Saint Pierre and Miquelon'),
    (185, 0, 'Saint Vincent ja Grenadiinit'),
    (185, 1, 'Saint Vincent and the Grenadines'),
    (186, 0, 'Samoa'),
    (186, 1, 'Samoa'),
    (187, 0, 'San Marino'),
    (187, 1, 'San Marino'),
    (188, 0, 'São Tomé ja Príncipe'),
    (188, 1, 'Sao Tome and Principe'),
    (189, 0, 'Saudi-Arabia'),
    (189, 1, 'Saudi Arabia'),
    (190, 0, 'Senegal'),
    (190, 1, 'Senegal'),
    (191, 0, 'Serbia'),
    (191, 1, 'Serbia'),
    (192, 0, 'Seychelles'),
    (192, 1, 'Seychelles'),
    (193, 0, 'Sierra Leone'),
    (193, 1, 'Sierra Leone'),
    (194, 0, 'Singapore'),
    (194, 1, 'Singapore'),
    (195, 0, 'Slovakia'),
    (195, 1, 'Slovakia'),
    (196, 0, 'Slovenia'),
    (196, 1, 'Slovenia'),
    (197, 0, 'Salomonsaaret'),
    (197, 1, 'Solomon Islands'),
    (198, 0, 'Somalia'),
    (198, 1, 'Somalia'),
    (199, 0, 'Etelä-Afrikka'),
    (199, 1, 'South Africa'),
    (200, 0, 'Etelä-Georgia ja Eteläiset Sandwichsaaret'),
    (200, 1, 'South Georgia and the South Sandwich Islands'),
    (201, 0, 'Espanja'),
    (201, 1, 'Spain'),
    (202, 0, 'Sri Lanka'),
    (202, 1, 'Sri Lanka'),
    (203, 0, 'Sudan'),
    (203, 1, 'Sudan'),
    (204, 0, 'Etelä-Sudan'),
    (204, 1, 'South Sudan'),
    (205, 0, 'Suriname'),
    (205, 1, 'Suriname'),
    (206, 0, 'Huippuvuoret ja Jan Mayen'),
    (206, 1, 'Svalbard and Jan Mayen'),
    (207, 0, 'Swazimaa'),
    (207, 1, 'Swaziland'),
    (208, 0, 'Ruotsi'),
    (208, 1, 'Sweden'),
    (209, 0, 'Sveitsi'),
    (209, 1, 'Switzerland'),
    (210, 0, 'Syyria'),
    (210, 1, 'Syria'),
    (211, 0, 'Taiwan'),
    (211, 1, 'Taiwan'),
    (212, 0, 'Tadžikistan'),
    (212, 1, 'Tajikistan'),
    (213, 0, 'Tansania'),
    (213, 1, 'Tanzania'),
    (214, 0, 'Thaimaa'),
    (214, 1, 'Thailand'),
    (215, 0, 'Itä-Timor'),
    (215, 1, 'Timor-Leste'),
    (216, 0, 'Togo'),
    (216, 1, 'Togo'),
    (217, 0, 'Tokelau'),
    (217, 1, 'Tokelau'),
    (218, 0, 'Tonga'),
    (218, 1, 'Tonga'),
    (219, 0, 'Trinidad ja Tobago'),
    (219, 1, 'Trinidad and Tobago'),
    (220, 0, 'Tunisia'),
    (220, 1, 'Tunisia'),
    (221, 0, 'Turkki'),
    (221, 1, 'Turkey'),
    (222, 0, 'Turkmenistan'),
    (222, 1, 'Turkmenistan'),
    (223, 0, 'Turks- ja Caicossaaret'),
    (223, 1, 'Turks and Caicos Islands'),
    (224, 0, 'Tuvalu'),
    (224, 1, 'Tuvalu'),
    (225, 0, 'Uganda'),
    (225, 1, 'Uganda'),
    (226, 0, 'Ukraina'),
    (226, 1, 'Ukraine'),
    (227, 0, 'Yhdistyneet arabiemiirikunnat'),
    (227, 1, 'United Arab Emirates'),
    (228, 0, 'Yhdistynyt kuningaskunta'),
    (228, 1, 'United Kingdom'),
    (229, 0, 'Yhdysvallat'),
    (229, 1, 'United States'),
    (230, 0, 'Yhdysvaltain pienet erillissaaret'),
    (230, 1, 'United States Minor Outlying Islands'),
    (231, 0, 'Uruguay'),
    (231, 1, 'Uruguay'),
    (232, 0, 'Uzbekistan'),
    (232, 1, 'Uzbekistan'),
    (233, 0, 'Vanuatu'),
    (233, 1, 'Vanuatu'),
    (234, 0, 'Venezuela'),
    (234, 1, 'Venezuela'),
    (235, 0, 'Vietnam'),
    (235, 1, 'Vietnam'),
    (236, 0, 'Brittiläiset Neitsytsaaret'),
    (236, 1, '(British) Virgin Islands'),
    (237, 0, 'Yhdysvaltain Neitsytsaaret'),
    (237, 1, '(U.S.) Virgin Islands'),
    (238, 0, 'Wallis ja Futuna'),
    (238, 1, 'Wallis and Futuna'),
    (239, 0, 'Länsi-Sahara'),
    (239, 1, 'Western Sahara'),
    (240, 0, 'Jemen'),
    (240, 1, 'Yemen'),
    (241, 0, 'Sambia'),
    (241, 1, 'Zambia'),
    (242, 0, 'Zimbabwe'),
    (242, 1, 'Zimbabwe');

INSERT INTO city(city_id, country_id) VALUES
    (0, 71),
    (1, 71),
    (2, 71),
    (3, 71),
    (4, 71),
    (5, 71),
    (6, 71),
    (7, 71),
    (8, 71),
    (9, 71),
    (10, 71),
    (11, 71),
    (12, 71),
    (13, 71),
    (14, 71),
    (15, 71),
    (16, 71),
    (17, 71),
    (18, 71),
    (19, 71),
    (20, 71),
    (21, 71),
    (22, 71),
    (23, 71),
    (24, 71),
    (25, 71),
    (26, 71),
    (27, 71),
    (28, 71),
    (29, 71),
    (30, 71),
    (31, 71),
    (32, 71),
    (33, 71),
    (34, 71),
    (35, 71),
    (36, 71),
    (37, 71),
    (38, 71),
    (39, 71),
    (40, 71),
    (41, 71),
    (42, 71),
    (43, 71),
    (44, 71),
    (45, 71),
    (46, 71),
    (47, 71),
    (48, 71),
    (49, 71),
    (50, 71),
    (51, 71),
    (52, 71),
    (53, 71),
    (54, 71),
    (55, 71),
    (56, 71),
    (57, 71),
    (58, 71),
    (59, 71),
    (60, 71),
    (61, 71),
    (62, 71),
    (63, 71),
    (64, 71),
    (65, 71),
    (66, 71),
    (67, 71),
    (68, 71),
    (69, 71),
    (70, 71),
    (71, 71),
    (72, 71),
    (73, 71),
    (74, 71),
    (75, 71),
    (76, 71),
    (77, 71),
    (78, 71),
    (79, 71),
    (80, 71),
    (81, 71),
    (82, 71),
    (83, 71),
    (84, 71),
    (85, 71),
    (86, 71),
    (87, 71),
    (88, 71),
    (89, 71),
    (90, 71),
    (91, 71),
    (92, 71),
    (93, 71),
    (94, 71),
    (95, 71),
    (96, 71),
    (97, 71),
    (98, 71),
    (99, 71),
    (100, 71),
    (101, 71),
    (102, 71),
    (103, 71),
    (104, 71),
    (105, 71);

INSERT INTO city_name(city_id, language_id, name) VALUES
    (0, 0, 'Äänekoski'),
    (0, 1, 'Äänekoski'),
    (1, 0, 'Ähtäri'),
    (1, 1, 'Ähtäri'),
    (2, 0, 'Akaa'),
    (2, 1, 'Akaa'),
    (3, 0, 'Alajärvi'),
    (3, 1, 'Alajärvi'),
    (4, 0, 'Alavus'),
    (4, 1, 'Alavus'),
    (5, 0, 'Espoo'),
    (5, 1, 'Espoo'),
    (6, 0, 'Forssa'),
    (6, 1, 'Forssa'),
    (7, 0, 'Haapajärvi'),
    (7, 1, 'Haapajärvi'),
    (8, 0, 'Haapavesi'),
    (8, 1, 'Haapavesi'),
    (9, 0, 'Hämeenlinna'),
    (9, 1, 'Hämeenlinna'),
    (10, 0, 'Hamina'),
    (10, 1, 'Hamina'),
    (11, 0, 'Hanko'),
    (11, 1, 'Hanko'),
    (12, 0, 'Harjavalta'),
    (12, 1, 'Harjavalta'),
    (13, 0, 'Heinola'),
    (13, 1, 'Heinola'),
    (14, 0, 'Helsinki'),
    (14, 1, 'Helsinki'),
    (15, 0, 'Huittinen'),
    (15, 1, 'Huittinen'),
    (16, 0, 'Hyvinkää'),
    (16, 1, 'Hyvinkää'),
    (17, 0, 'Iisalmi'),
    (17, 1, 'Iisalmi'),
    (18, 0, 'Ikaalinen'),
    (18, 1, 'Ikaalinen'),
    (19, 0, 'Imatra'),
    (19, 1, 'Imatra'),
    (20, 0, 'Jämsä'),
    (20, 1, 'Jämsä'),
    (21, 0, 'Järvenpää'),
    (21, 1, 'Järvenpää'),
    (22, 0, 'Joensuu'),
    (22, 1, 'Joensuu'),
    (23, 0, 'Jyväskylä'),
    (23, 1, 'Jyväskylä'),
    (24, 0, 'Kaarina'),
    (24, 1, 'Kaarina'),
    (25, 0, 'Kajaani'),
    (25, 1, 'Kajaani'),
    (26, 0, 'Kalajoki'),
    (26, 1, 'Kalajoki'),
    (27, 0, 'Kankaanpää'),
    (27, 1, 'Kankaanpää'),
    (28, 0, 'Kannus'),
    (28, 1, 'Kannus'),
    (29, 0, 'Karkkila'),
    (29, 1, 'Karkkila'),
    (30, 0, 'Kaskinen'),
    (30, 1, 'Kaskinen'),
    (31, 0, 'Kauhajoki'),
    (31, 1, 'Kauhajoki'),
    (32, 0, 'Kauhava'),
    (32, 1, 'Kauhava'),
    (33, 0, 'Kauniainen'),
    (33, 1, 'Kauniainen'),
    (34, 0, 'Kemi'),
    (34, 1, 'Kemi'),
    (35, 0, 'Kemijärvi'),
    (35, 1, 'Kemijärvi'),
    (36, 0, 'Kerava'),
    (36, 1, 'Kerava'),
    (37, 0, 'Keuruu'),
    (37, 1, 'Keuruu'),
    (38, 0, 'Kitee'),
    (38, 1, 'Kitee'),
    (39, 0, 'Kiuruvesi'),
    (39, 1, 'Kiuruvesi'),
    (40, 0, 'Kokemäki'),
    (40, 1, 'Kokemäki'),
    (41, 0, 'Kokkola'),
    (41, 1, 'Kokkola'),
    (42, 0, 'Kotka'),
    (42, 1, 'Kotka'),
    (43, 0, 'Kouvola'),
    (43, 1, 'Kouvola'),
    (44, 0, 'Kristiinankaupunki'),
    (44, 1, 'Kristiinankaupunki'),
    (45, 0, 'Kuhmo'),
    (45, 1, 'Kuhmo'),
    (46, 0, 'Kuopio'),
    (46, 1, 'Kuopio'),
    (47, 0, 'Kurikka'),
    (47, 1, 'Kurikka'),
    (48, 0, 'Kuusamo'),
    (48, 1, 'Kuusamo'),
    (49, 0, 'Lahti'),
    (49, 1, 'Lahti'),
    (50, 0, 'Laitila'),
    (50, 1, 'Laitila'),
    (51, 0, 'Lappeenranta'),
    (51, 1, 'Lappeenranta'),
    (52, 0, 'Lapua'),
    (52, 1, 'Lapua'),
    (53, 0, 'Lieksa'),
    (53, 1, 'Lieksa'),
    (54, 0, 'Lohja'),
    (54, 1, 'Lohja'),
    (55, 0, 'Loimaa'),
    (55, 1, 'Loimaa'),
    (56, 0, 'Loviisa'),
    (56, 1, 'Loviisa'),
    (57, 0, 'Maarianhamina'),
    (57, 1, 'Maarianhamina'),
    (58, 0, 'Mänttä-Vilppula'),
    (58, 1, 'Mänttä-Vilppula'),
    (59, 0, 'Mikkeli'),
    (59, 1, 'Mikkeli'),
    (60, 0, 'Naantali'),
    (60, 1, 'Naantali'),
    (61, 0, 'Närpiö'),
    (61, 1, 'Närpiö'),
    (62, 0, 'Nivala'),
    (62, 1, 'Nivala'),
    (63, 0, 'Nokia'),
    (63, 1, 'Nokia'),
    (64, 0, 'Nurmes'),
    (64, 1, 'Nurmes'),
    (65, 0, 'Orimattila'),
    (65, 1, 'Orimattila'),
    (66, 0, 'Orivesi'),
    (66, 1, 'Orivesi'),
    (67, 0, 'Oulainen'),
    (67, 1, 'Oulainen'),
    (68, 0, 'Oulu'),
    (68, 1, 'Oulu'),
    (69, 0, 'Outokumpu'),
    (69, 1, 'Outokumpu'),
    (70, 0, 'Paimio'),
    (70, 1, 'Paimio'),
    (71, 0, 'Parainen'),
    (71, 1, 'Parainen'),
    (72, 0, 'Parkano'),
    (72, 1, 'Parkano'),
    (73, 0, 'Pieksämäki'),
    (73, 1, 'Pieksämäki'),
    (74, 0, 'Pietarsaari'),
    (74, 1, 'Pietarsaari'),
    (75, 0, 'Pori'),
    (75, 1, 'Pori'),
    (76, 0, 'Porvoo'),
    (76, 1, 'Porvoo'),
    (77, 0, 'Pudasjärvi'),
    (77, 1, 'Pudasjärvi'),
    (78, 0, 'Pyhäjärvi'),
    (78, 1, 'Pyhäjärvi'),
    (79, 0, 'Raahe'),
    (79, 1, 'Raahe'),
    (80, 0, 'Raasepori'),
    (80, 1, 'Raasepori'),
    (81, 0, 'Raisio'),
    (81, 1, 'Raisio'),
    (82, 0, 'Rauma'),
    (82, 1, 'Rauma'),
    (83, 0, 'Riihimäki'),
    (83, 1, 'Riihimäki'),
    (84, 0, 'Rovaniemi'),
    (84, 1, 'Rovaniemi'),
    (85, 0, 'Saarijärvi'),
    (85, 1, 'Saarijärvi'),
    (86, 0, 'Salo'),
    (86, 1, 'Salo'),
    (87, 0, 'Sastamala'),
    (87, 1, 'Sastamala'),
    (88, 0, 'Savonlinna'),
    (88, 1, 'Savonlinna'),
    (89, 0, 'Seinäjoki'),
    (89, 1, 'Seinäjoki'),
    (90, 0, 'Somero'),
    (90, 1, 'Somero'),
    (91, 0, 'Suonenjoki'),
    (91, 1, 'Suonenjoki'),
    (92, 0, 'Tampere'),
    (92, 1, 'Tampere'),
    (93, 0, 'Tornio'),
    (93, 1, 'Tornio'),
    (94, 0, 'Turku'),
    (94, 1, 'Turku'),
    (95, 0, 'Ulvila'),
    (95, 1, 'Ulvila'),
    (96, 0, 'Uusikaarlepyy'),
    (96, 1, 'Uusikaarlepyy'),
    (97, 0, 'Uusikaupunki'),
    (97, 1, 'Uusikaupunki'),
    (98, 0, 'Vaasa'),
    (98, 1, 'Vaasa'),
    (99, 0, 'Valkeakoski'),
    (99, 1, 'Valkeakoski'),
    (100, 0, 'Vantaa'),
    (100, 1, 'Vantaa'),
    (101, 0, 'Varkaus'),
    (101, 1, 'Varkaus'),
    (102, 0, 'Viitasaari'),
    (102, 1, 'Viitasaari'),
    (103, 0, 'Virrat'),
    (103, 1, 'Virrat'),
    (104, 0, 'Ylivieska'),
    (104, 1, 'Ylivieska'),
    (105, 0, 'Ylöjärvi'),
    (105, 1, 'Ylöjärvi');

INSERT INTO food_group(food_group_id) VALUES
    (0),
    (1),
    (2),
    (3),
    (4),
    (5),
    (6),
    (7),
    (8),
    (9),
    (10),
    (11),
    (12),
    (13),
    (14),
    (15),
    (16),
    (17),
    (18),
    (19),
    (20);

INSERT INTO food_group_name(food_group_id, language_id, name) VALUES
    (0, 0, 'pähkinät'),
    (0, 1, 'nuts'),
    (1, 0, 'kala'),
    (1, 1, 'fish'),
    (2, 0, 'äyriäiset'),
    (2, 1, 'crustanean'),
    (3, 0, 'simpukat'),
    (3, 1, 'clams'),
    (4, 0, 'laktoosi'),
    (4, 1, 'lactose'),
    (5, 0, 'munat'),
    (5, 1, 'eggs'),
    (6, 0, 'sipulit'),
    (6, 1, 'onions'),
    (7, 0, 'liha'),
    (7, 1, 'meat'),
    (8, 0, 'maitotuotteet'),
    (8, 1, 'dairy'),
    (9, 0, 'soija'),
    (9, 1, 'soy'),
    (10, 0, 'gluteeni'),
    (10, 1, 'gluten'),
    (11, 0, 'sitrus'),
    (11, 1, 'citrus'),
    (12, 0, 'appelsiini'),
    (12, 1, 'orange'),
    (13, 0, 'sitruuna'),
    (13, 1, 'lemon'),
    (14, 0, 'limetti'),
    (14, 1, 'lime'),
    (15, 0, 'greippi'),
    (15, 1, 'grapefruit'),
    (16, 0, 'tuoreet hedelmät'),
    (16, 1, 'raw fruit'),
    (17, 0, 'tuoreet vihannekset'),
    (17, 1, 'raw vegetables'),
    (18, 0, 'siemenet'),
    (18, 1, 'seeds'),
    (19, 0, 'vehnä'),
    (19, 1, 'wheat'),
    (20, 0, 'idut'),
    (20, 1, 'sprouts');

INSERT INTO food_group_groups(food_group_id, food_group_id2) VALUES
    (11, 12),
    (11, 13),
    (11, 14),
    (11, 15);

INSERT INTO global_diet(preset) VALUES
    (TRUE),
    (TRUE),
    (TRUE),
    (TRUE),
    (TRUE),
    (TRUE),
    (TRUE),
    (TRUE),
    (TRUE),
    (TRUE);

INSERT INTO global_diet_name(global_diet_id, language_id, name) VALUES
    (1, 0, 'pähkinätön'),
    (1, 1, 'nut-free'),
    (2, 0, 'kalaton'),
    (2, 1, 'fish-free'),
    (3, 0, 'äyrisetön ja simpukaton'),
    (3, 1, 'shellfish-free'),
    (4, 0, 'laktoositon'),
    (4, 1, 'lactose-free'),
    (5, 0, 'munaton'),
    (5, 1, 'egg-free'),
    (6, 0, 'sipuliton'),
    (6, 1, 'onion-free'),
    (7, 0, 'vegaani'),
    (7, 1, 'vegan'),
    (8, 0, 'vegetaristi'),
    (8, 1, 'vegetarian'),
    (9, 0, 'soijaton'),
    (9, 1, 'soy-free'),
    (10, 0, 'gluteeniton'),
    (10, 1, 'gluten-free');

INSERT INTO diet_groups(global_diet_id, food_group_id) VALUES
    (1, 0),
    (2, 1),
    (3, 2),
    (3, 3),
    (4, 4),
    (5, 5),
    (6, 6),
    (7, 7),
    (7, 1),
    (7, 2),
    (7, 3),
    (7, 5),
    (7, 8),
    (8, 7),
    (8, 1),
    (8, 2),
    (8, 3),
    (9, 9),
    (10, 10);

